{
  "_fv": 39,
  "_type": "recipe",
  "definition": {
    "recipeType": "Crafting",
    "xpReward": 0.0,
    "cookingTime": 200,
    "recipeRetstackSize": 1,
    "group": "",
    "recipeShapeless": true,
    "recipeSlots": [
      {
        "value": "TAG:forge:pork"
      },
      {
        "value": "TAG:forge:salt"
      },
      {
        "value": "TAG:forge:garlic"
      },
      {
        "value": "TAG:forge:pepper"
      },
      {
        "value": "CUSTOM:Pot"
      },
      {
        "value": "Items.BOWL"
      },
      {
        "value": ""
      },
      {
        "value": ""
      },
      {
        "value": ""
      }
    ],
    "recipeReturnStack": {
      "value": "CUSTOM:Adobo"
    },
    "name": "adobo_recipe",
    "namespace": "mod"
  }
}