{
  "_fv": 39,
  "_type": "recipe",
  "definition": {
    "recipeType": "Crafting",
    "xpReward": 0.0,
    "cookingTime": 200,
    "recipeRetstackSize": 1,
    "group": "",
    "recipeShapeless": false,
    "recipeSlots": [
      {
        "value": "Items.IRON_NUGGET"
      },
      {
        "value": "Items.IRON_NUGGET"
      },
      {
        "value": "Items.IRON_NUGGET"
      },
      {
        "value": "Items.IRON_NUGGET"
      },
      {
        "value": "Blocks.BARREL"
      },
      {
        "value": "Items.IRON_NUGGET"
      },
      {
        "value": "Items.IRON_NUGGET"
      },
      {
        "value": "Items.IRON_NUGGET"
      },
      {
        "value": "Items.IRON_NUGGET"
      }
    ],
    "recipeReturnStack": {
      "value": "CUSTOM:AgingCask"
    },
    "name": "aging_cask_recipe",
    "namespace": "mod"
  }
}