{
  "_fv": 39,
  "_type": "recipe",
  "definition": {
    "recipeType": "Crafting",
    "xpReward": 0.0,
    "cookingTime": 200,
    "recipeRetstackSize": 1,
    "group": "",
    "recipeShapeless": true,
    "recipeSlots": [
      {
        "value": "CUSTOM:MortarPestle"
      },
      {
        "value": "TAG:forge:bananas"
      },
      {
        "value": "TAG:forge:flour"
      },
      {
        "value": "TAG:forge:sugar"
      },
      {
        "value": "TAG:forge:eggs"
      },
      {
        "value": "TAG:forge:salt"
      },
      {
        "value": "TAG:forge:cookingoil"
      },
      {
        "value": ""
      },
      {
        "value": ""
      }
    ],
    "recipeReturnStack": {
      "value": "CUSTOM:BananaBreadBatter"
    },
    "name": "banana_bread_batter_recipe",
    "namespace": "mod"
  }
}