{
  "_fv": 39,
  "_type": "recipe",
  "definition": {
    "recipeType": "Crafting",
    "xpReward": 0.0,
    "cookingTime": 200,
    "recipeRetstackSize": 1,
    "group": "",
    "recipeShapeless": true,
    "recipeSlots": [
      {
        "value": "CUSTOM:SlicedBaguette"
      },
      {
        "value": "Items.SUGAR"
      },
      {
        "value": "Items.CARROT"
      },
      {
        "value": "CUSTOM:DicedOnion"
      },
      {
        "value": "TAG:forge:salt"
      },
      {
        "value": "TAG:forge:chili_pepper"
      },
      {
        "value": "TAG:forge:mayo"
      },
      {
        "value": "TAG:forge:lettuce"
      },
      {
        "value": ""
      }
    ],
    "recipeReturnStack": {
      "value": "CUSTOM:BanhMi"
    },
    "name": "banh_mi_recipe",
    "namespace": "mod"
  }
}