{
  "_fv": 39,
  "_type": "recipe",
  "definition": {
    "recipeType": "Crafting",
    "xpReward": 0.0,
    "cookingTime": 200,
    "recipeRetstackSize": 1,
    "group": "",
    "recipeShapeless": true,
    "recipeSlots": [
      {
        "value": "CUSTOM:FrenchBatardSlice"
      },
      {
        "value": "CUSTOM:FrenchBatardSlice"
      },
      {
        "value": "TAG:forge:cheese_slice"
      },
      {
        "value": ""
      },
      {
        "value": ""
      },
      {
        "value": ""
      },
      {
        "value": ""
      },
      {
        "value": ""
      },
      {
        "value": ""
      }
    ],
    "recipeReturnStack": {
      "value": "CUSTOM:BatardGrilledCheese"
    },
    "name": "batard_grilled_cheese_recipe",
    "namespace": "mod"
  }
}