{
  "_fv": 39,
  "_type": "recipe",
  "definition": {
    "recipeType": "Crafting",
    "xpReward": 0.0,
    "cookingTime": 200,
    "recipeRetstackSize": 1,
    "group": "",
    "recipeShapeless": true,
    "recipeSlots": [
      {
        "value": "CUSTOM:SlicedBriocheBun"
      },
      {
        "value": "Items.COOKED_CHICKEN"
      },
      {
        "value": "TAG:forge:bbqsauce"
      },
      {
        "value": ""
      },
      {
        "value": ""
      },
      {
        "value": ""
      },
      {
        "value": ""
      },
      {
        "value": ""
      },
      {
        "value": ""
      }
    ],
    "recipeReturnStack": {
      "value": "CUSTOM:BBQChickenSandwich"
    },
    "name": "bbq_chicken_sandwich_recipe",
    "namespace": "mod"
  }
}