{
  "_fv": 39,
  "_type": "recipe",
  "definition": {
    "recipeType": "Crafting",
    "xpReward": 0.0,
    "cookingTime": 200,
    "recipeRetstackSize": 1,
    "group": "",
    "recipeShapeless": true,
    "recipeSlots": [
      {
        "value": "Items.BEETROOT"
      },
      {
        "value": "Items.CARROT"
      },
      {
        "value": "CUSTOM:CreamCheeseDollop"
      },
      {
        "value": "TAG:forge:salt"
      },
      {
        "value": "CUSTOM:RyeBreadSlice"
      },
      {
        "value": "CUSTOM:RyeBreadSlice"
      },
      {
        "value": ""
      },
      {
        "value": ""
      },
      {
        "value": ""
      }
    ],
    "recipeReturnStack": {
      "value": "CUSTOM:BeetrootCarrotSandwich"
    },
    "name": "beetroot_carrot_sandwich_recipe",
    "namespace": "mod"
  }
}