{
  "_fv": 39,
  "_type": "recipe",
  "definition": {
    "recipeType": "Crafting",
    "xpReward": 0.0,
    "cookingTime": 200,
    "recipeRetstackSize": 1,
    "group": "",
    "recipeShapeless": true,
    "recipeSlots": [
      {
        "value": "CUSTOM:SourdoughSandwichBreadSlice"
      },
      {
        "value": "CUSTOM:SourdoughSandwichBreadSlice"
      },
      {
        "value": "TAG:forge:pork"
      },
      {
        "value": "TAG:forge:lettuce"
      },
      {
        "value": "CUSTOM:TomatoSlice"
      },
      {
        "value": ""
      },
      {
        "value": ""
      },
      {
        "value": ""
      },
      {
        "value": ""
      }
    ],
    "recipeReturnStack": {
      "value": "CUSTOM:BLT"
    },
    "name": "blt_recipe",
    "namespace": "mod"
  }
}