{
  "_fv": 39,
  "_type": "tag",
  "definition": {
    "type": "Blocks",
    "items": [],
    "blocks": [
      {
        "value": "CUSTOM:ThymeStage0"
      },
      {
        "value": "CUSTOM:ThymeStage1"
      },
      {
        "value": "CUSTOM:ThymeStage2"
      },
      {
        "value": "CUSTOM:ThymeStage3"
      },
      {
        "value": "CUSTOM:ThymeStage4"
      },
      {
        "value": "CUSTOM:ThymeStage5"
      },
      {
        "value": "CUSTOM:ThymeStage6"
      },
      {
        "value": "CUSTOM:ThymeStage7"
      }
    ],
    "functions": [],
    "entities": [],
    "name": "thyme",
    "namespace": "breadcraft"
  }
}