{
  "_fv": 39,
  "_type": "tag",
  "definition": {
    "type": "Blocks",
    "items": [],
    "blocks": [
      {
        "value": "CUSTOM:RosemaryStage0"
      },
      {
        "value": "CUSTOM:RosemaryStage1"
      },
      {
        "value": "CUSTOM:RosemaryStage2"
      },
      {
        "value": "CUSTOM:RosemaryStage3"
      },
      {
        "value": "CUSTOM:RosemaryStage4"
      },
      {
        "value": "CUSTOM:RosemaryStage5"
      },
      {
        "value": "CUSTOM:RosemaryStage6"
      },
      {
        "value": "CUSTOM:RosemaryStage7"
      }
    ],
    "functions": [],
    "entities": [],
    "name": "rosemary",
    "namespace": "breadcraft"
  }
}