{
  "_fv": 39,
  "_type": "tag",
  "definition": {
    "type": "Items",
    "items": [
      {
        "value": "Blocks.PLANKS#0"
      },
      {
        "value": "Blocks.PLANKS#1"
      },
      {
        "value": "Blocks.PLANKS#2"
      },
      {
        "value": "Blocks.PLANKS#3"
      },
      {
        "value": "Blocks.PLANKS#4"
      },
      {
        "value": "Blocks.PLANKS#5"
      },
      {
        "value": "Blocks.CRIMSON_PLANKS"
      },
      {
        "value": "Blocks.WARPED_PLANKS"
      },
      {
        "value": "Blocks.MANGROVE_PLANKS"
      },
      {
        "value": "Blocks.LOG"
      },
      {
        "value": "Blocks.LOG#0"
      },
      {
        "value": "Blocks.LOG#1"
      },
      {
        "value": "Blocks.LOG#2"
      },
      {
        "value": "Blocks.LOG#3"
      },
      {
        "value": "Blocks.LOG2"
      },
      {
        "value": "Blocks.LOG2#0"
      },
      {
        "value": "Blocks.LOG2#1"
      },
      {
        "value": "Blocks.MANGROVE_LOG"
      },
      {
        "value": "Blocks.STRIPPED_OAK_LOG"
      },
      {
        "value": "Blocks.STRIPPED_SPRUCE_LOG"
      },
      {
        "value": "Blocks.STRIPPED_BIRCH_LOG"
      },
      {
        "value": "Blocks.STRIPPED_JUNGLE_LOG"
      },
      {
        "value": "Blocks.STRIPPED_ACACIA_LOG"
      },
      {
        "value": "Blocks.STRIPPED_DARK_OAK_LOG"
      },
      {
        "value": "Blocks.STRIPPED_MANGROVE_LOG"
      },
      {
        "value": "Blocks.LADDER"
      },
      {
        "value": "Blocks.WOODEN_PRESSURE_PLATE"
      },
      {
        "value": "Blocks.SPRUCE_PRESSURE_PLATE"
      },
      {
        "value": "Blocks.BIRCH_PRESSURE_PLATE"
      },
      {
        "value": "Blocks.JUNGLE_PRESSURE_PLATE"
      },
      {
        "value": "Blocks.ACACIA_PRESSURE_PLATE"
      },
      {
        "value": "Blocks.DARK_OAK_PRESSURE_PLATE"
      },
      {
        "value": "Blocks.CRIMSON_PRESSURE_PLATE"
      },
      {
        "value": "Blocks.WARPED_PRESSURE_PLATE"
      },
      {
        "value": "Blocks.MANGROVE_PRESSURE_PLATE"
      },
      {
        "value": "Items.BANNER#0"
      },
      {
        "value": "Items.BANNER#1"
      },
      {
        "value": "Items.BANNER#2"
      },
      {
        "value": "Items.BANNER#3"
      },
      {
        "value": "Items.BANNER#4"
      },
      {
        "value": "Items.BANNER#5"
      },
      {
        "value": "Items.BANNER#6"
      },
      {
        "value": "Items.BANNER#7"
      },
      {
        "value": "Items.BANNER#8"
      },
      {
        "value": "Items.BANNER#9"
      },
      {
        "value": "Items.BANNER#10"
      },
      {
        "value": "Items.BANNER#11"
      },
      {
        "value": "Items.BANNER#12"
      },
      {
        "value": "Items.BANNER#13"
      },
      {
        "value": "Items.BANNER#14"
      },
      {
        "value": "Items.BANNER#15"
      },
      {
        "value": "Blocks.BROWN_MUSHROOM_BLOCK"
      },
      {
        "value": "Blocks.RED_MUSHROOM_BLOCK"
      },
      {
        "value": "Blocks.NOTEBLOCK"
      },
      {
        "value": "Blocks.JUKEBOX"
      },
      {
        "value": "Blocks.DAYLIGHT_DETECTOR"
      },
      {
        "value": "Blocks.BARREL"
      },
      {
        "value": "Blocks.CHEST"
      },
      {
        "value": "Blocks.TRAPPED_CHEST"
      },
      {
        "value": "Blocks.BOOKSHELF"
      },
      {
        "value": "Blocks.CRAFTING_TABLE"
      },
      {
        "value": "Blocks.COMPOSTER"
      },
      {
        "value": "Blocks.LECTERN"
      },
      {
        "value": "Blocks.LOOM"
      },
      {
        "value": "Blocks.SMITHING_TABLE"
      },
      {
        "value": "Blocks.FLETCHING_TABLE"
      },
      {
        "value": "Blocks.CARTOGRAPHY_TABLE"
      },
      {
        "value": "Blocks.TRAPDOOR"
      },
      {
        "value": "Blocks.SPRUCE_TRAPDOOR"
      },
      {
        "value": "Blocks.BIRCH_TRAPDOOR"
      },
      {
        "value": "Blocks.JUNGLE_TRAPDOOR"
      },
      {
        "value": "Blocks.ACACIA_TRAPDOOR"
      },
      {
        "value": "Blocks.DARK_OAK_TRAPDOOR"
      },
      {
        "value": "Blocks.CRIMSON_TRAPDOOR"
      },
      {
        "value": "Blocks.WARPED_TRAPDOOR"
      },
      {
        "value": "Blocks.MANGROVE_TRAPDOOR"
      },
      {
        "value": "Blocks.OAK_STAIRS"
      },
      {
        "value": "Blocks.SPRUCE_STAIRS"
      },
      {
        "value": "Blocks.BIRCH_STAIRS"
      },
      {
        "value": "Blocks.JUNGLE_STAIRS"
      },
      {
        "value": "Blocks.ACACIA_STAIRS"
      },
      {
        "value": "Blocks.DARK_OAK_STAIRS"
      },
      {
        "value": "Blocks.CRIMSON_STAIRS"
      },
      {
        "value": "Blocks.WARPED_STAIRS"
      },
      {
        "value": "Blocks.MANGROVE_STAIRS"
      },
      {
        "value": "Blocks.OAK_FENCE"
      },
      {
        "value": "Blocks.SPRUCE_FENCE"
      },
      {
        "value": "Blocks.BIRCH_FENCE"
      },
      {
        "value": "Blocks.JUNGLE_FENCE"
      },
      {
        "value": "Blocks.ACACIA_FENCE"
      },
      {
        "value": "Blocks.DARK_OAK_FENCE"
      },
      {
        "value": "Blocks.CRIMSON_FENCE"
      },
      {
        "value": "Blocks.WARPED_FENCE"
      },
      {
        "value": "Blocks.MANGROVE_FENCE"
      },
      {
        "value": "Blocks.OAK_FENCE_GATE"
      },
      {
        "value": "Blocks.SPRUCE_FENCE_GATE"
      },
      {
        "value": "Blocks.BIRCH_FENCE_GATE"
      },
      {
        "value": "Blocks.JUNGLE_FENCE_GATE"
      },
      {
        "value": "Blocks.ACACIA_FENCE_GATE"
      },
      {
        "value": "Blocks.DARK_OAK_FENCE_GATE"
      },
      {
        "value": "Blocks.CRIMSON_FENCE_GATE"
      },
      {
        "value": "Blocks.WARPED_FENCE_GATE"
      },
      {
        "value": "Blocks.MANGROVE_FENCE_GATE"
      },
      {
        "value": "Blocks.NETHER_BRICK_FENCE"
      },
      {
        "value": "Items.BOW"
      },
      {
        "value": "Items.FISHING_ROD"
      },
      {
        "value": "Items.BOAT"
      },
      {
        "value": "Items.SPRUCE_BOAT"
      },
      {
        "value": "Items.BIRCH_BOAT"
      },
      {
        "value": "Items.JUNGLE_BOAT"
      },
      {
        "value": "Items.ACACIA_BOAT"
      },
      {
        "value": "Items.DARK_OAK_BOAT"
      },
      {
        "value": "Items.MANGROVE_BOAT"
      },
      {
        "value": "Items.OAK_CHEST_BOAT"
      },
      {
        "value": "Items.SPRUCE_CHEST_BOAT"
      },
      {
        "value": "Items.BIRCH_CHEST_BOAT"
      },
      {
        "value": "Items.JUNGLE_CHEST_BOAT"
      },
      {
        "value": "Items.ACACIA_CHEST_BOAT"
      },
      {
        "value": "Items.DARK_OAK_CHEST_BOAT"
      },
      {
        "value": "Items.MANGROVE_CHEST_BOAT"
      },
      {
        "value": "Items.SIGN"
      },
      {
        "value": "Items.SPRUCE_SIGN"
      },
      {
        "value": "Items.BIRCH_SIGN"
      },
      {
        "value": "Items.JUNGLE_SIGN"
      },
      {
        "value": "Items.ACACIA_SIGN"
      },
      {
        "value": "Items.DARK_OAK_SIGN"
      },
      {
        "value": "Items.CRIMSON_SIGN"
      },
      {
        "value": "Items.WARPED_SIGN"
      },
      {
        "value": "Items.MANGROVE_SIGN"
      },
      {
        "value": "Blocks.WOODEN_SLAB#0"
      },
      {
        "value": "Blocks.WOODEN_SLAB#1"
      },
      {
        "value": "Blocks.WOODEN_SLAB#2"
      },
      {
        "value": "Blocks.WOODEN_SLAB#3"
      },
      {
        "value": "Blocks.WOODEN_SLAB#4"
      },
      {
        "value": "Blocks.WOODEN_SLAB#5"
      },
      {
        "value": "Blocks.CRIMSON_SLAB"
      },
      {
        "value": "Blocks.WARPED_SLAB"
      },
      {
        "value": "Blocks.MANGROVE_SLAB"
      },
      {
        "value": "Blocks.WOOL#0"
      },
      {
        "value": "Blocks.WOOL#1"
      },
      {
        "value": "Blocks.WOOL#2"
      },
      {
        "value": "Blocks.WOOL#3"
      },
      {
        "value": "Blocks.WOOL#4"
      },
      {
        "value": "Blocks.WOOL#5"
      },
      {
        "value": "Blocks.WOOL#6"
      },
      {
        "value": "Blocks.WOOL#7"
      },
      {
        "value": "Blocks.WOOL#8"
      },
      {
        "value": "Blocks.WOOL#9"
      },
      {
        "value": "Blocks.WOOL#10"
      },
      {
        "value": "Blocks.WOOL#11"
      },
      {
        "value": "Blocks.WOOL#12"
      },
      {
        "value": "Blocks.WOOL#13"
      },
      {
        "value": "Blocks.WOOL#14"
      },
      {
        "value": "Blocks.WOOL#15"
      },
      {
        "value": "Blocks.WOODEN_BUTTON"
      },
      {
        "value": "Blocks.SPRUCE_BUTTON"
      },
      {
        "value": "Blocks.BIRCH_BUTTON"
      },
      {
        "value": "Blocks.JUNGLE_BUTTON"
      },
      {
        "value": "Blocks.ACACIA_BUTTON"
      },
      {
        "value": "Blocks.DARK_OAK_BUTTON"
      },
      {
        "value": "Blocks.CRIMSON_BUTTON"
      },
      {
        "value": "Blocks.WARPED_BUTTON"
      },
      {
        "value": "Blocks.MANGROVE_BUTTON"
      },
      {
        "value": "Blocks.SAPLING#0"
      },
      {
        "value": "Blocks.SAPLING#1"
      },
      {
        "value": "Blocks.SAPLING#2"
      },
      {
        "value": "Blocks.SAPLING#3"
      },
      {
        "value": "Blocks.SAPLING#4"
      },
      {
        "value": "Blocks.SAPLING#5"
      },
      {
        "value": "Blocks.MANGROVE_PROPAGULE"
      },
      {
        "value": "Items.BOWL"
      },
      {
        "value": "Items.STICK"
      },
      {
        "value": "Blocks.CARPET#0"
      },
      {
        "value": "Blocks.CARPET#1"
      },
      {
        "value": "Blocks.CARPET#2"
      },
      {
        "value": "Blocks.CARPET#3"
      },
      {
        "value": "Blocks.CARPET#4"
      },
      {
        "value": "Blocks.CARPET#5"
      },
      {
        "value": "Blocks.CARPET#6"
      },
      {
        "value": "Blocks.CARPET#7"
      },
      {
        "value": "Blocks.CARPET#8"
      },
      {
        "value": "Blocks.CARPET#9"
      },
      {
        "value": "Blocks.CARPET#10"
      },
      {
        "value": "Blocks.CARPET#11"
      },
      {
        "value": "Blocks.CARPET#12"
      },
      {
        "value": "Blocks.CARPET#13"
      },
      {
        "value": "Blocks.CARPET#14"
      },
      {
        "value": "Blocks.CARPET#15"
      },
      {
        "value": "Blocks.BAMBOO"
      },
      {
        "value": "Blocks.SCAFFOLDING"
      },
      {
        "value": "Items.LAVA_BUCKET"
      },
      {
        "value": "Items.BLAZE_ROD"
      },
      {
        "value": "Blocks.DRIED_KELP_BLOCK"
      },
      {
        "value": "Items.COAL#0"
      },
      {
        "value": "Blocks.COAL_BLOCK"
      },
      {
        "value": "Items.COAL#1"
      }
    ],
    "blocks": [],
    "functions": [],
    "entities": [],
    "biomes": [],
    "name": "breadovenfuel",
    "namespace": "forge"
  }
}