{
  "_fv": 39,
  "_type": "gui",
  "definition": {
    "type": 1,
    "width": 178,
    "height": 168,
    "inventoryOffsetX": 0,
    "inventoryOffsetY": -1,
    "renderBgLayer": true,
    "doesPauseGame": false,
    "components": [
      {
        "type": "inputslot",
        "data": {
          "inputLimit": {
            "value": "TAG:forge:breadovenfuel"
          },
          "disablePlacement": {
            "fixedValue": false
          },
          "id": 2,
          "disablePickup": {
            "fixedValue": false
          },
          "dropItemsWhenNotBound": false,
          "x": 170,
          "y": 88
        }
      },
      {
        "type": "inputslot",
        "data": {
          "inputLimit": {
            "value": "TAG:breadcraft:sandwichcraftdoughs"
          },
          "disablePlacement": {
            "fixedValue": false
          },
          "id": 1,
          "disablePickup": {
            "fixedValue": false
          },
          "dropItemsWhenNotBound": false,
          "x": 170,
          "y": 53
        }
      },
      {
        "type": "outputslot",
        "data": {
          "id": 3,
          "disablePickup": {
            "fixedValue": false
          },
          "dropItemsWhenNotBound": true,
          "x": 236,
          "y": 70
        }
      },
      {
        "type": "image",
        "data": {
          "image": "arrow2.png",
          "use1Xscale": false,
          "x": 200,
          "y": 66
        }
      },
      {
        "type": "image",
        "data": {
          "image": "arrow2.png",
          "use1Xscale": false,
          "displayCondition": {
            "name": "Emptyarrowbar"
          },
          "x": 200,
          "y": 66
        }
      },
      {
        "type": "image",
        "data": {
          "image": "arrowfill1.png",
          "use1Xscale": false,
          "displayCondition": {
            "name": "Arrowbar1"
          },
          "x": 200,
          "y": 66
        }
      },
      {
        "type": "image",
        "data": {
          "image": "arrowfill2.png",
          "use1Xscale": false,
          "displayCondition": {
            "name": "Arrowbar2"
          },
          "x": 200,
          "y": 66
        }
      },
      {
        "type": "image",
        "data": {
          "image": "arrowfill3.png",
          "use1Xscale": false,
          "displayCondition": {
            "name": "Arrowbar3"
          },
          "x": 200,
          "y": 66
        }
      },
      {
        "type": "image",
        "data": {
          "image": "arrowfill4.png",
          "use1Xscale": false,
          "displayCondition": {
            "name": "Arrowbar4"
          },
          "x": 200,
          "y": 66
        }
      },
      {
        "type": "image",
        "data": {
          "image": "arrowfill5.png",
          "use1Xscale": false,
          "displayCondition": {
            "name": "Arrowbar5"
          },
          "x": 200,
          "y": 66
        }
      },
      {
        "type": "image",
        "data": {
          "image": "arrowfill6.png",
          "use1Xscale": false,
          "displayCondition": {
            "name": "Arrowbar6"
          },
          "x": 200,
          "y": 66
        }
      },
      {
        "type": "image",
        "data": {
          "image": "arrowfill7.png",
          "use1Xscale": false,
          "displayCondition": {
            "name": "Arrowbar7"
          },
          "x": 200,
          "y": 66
        }
      },
      {
        "type": "image",
        "data": {
          "image": "arrowfill8.png",
          "use1Xscale": false,
          "displayCondition": {
            "name": "Arrowbar8"
          },
          "x": 200,
          "y": 66
        }
      },
      {
        "type": "image",
        "data": {
          "image": "arrowfill9.png",
          "use1Xscale": false,
          "displayCondition": {
            "name": "Arrowbardone"
          },
          "x": 200,
          "y": 66
        }
      },
      {
        "type": "image",
        "data": {
          "image": "pan.png",
          "use1Xscale": false,
          "x": 261,
          "y": 71
        }
      },
      {
        "type": "image",
        "data": {
          "image": "doughshape.png",
          "use1Xscale": false,
          "x": 171,
          "y": 54
        }
      },
      {
        "type": "inputslot",
        "data": {
          "inputLimit": {
            "value": "TAG:breadcraft:pans"
          },
          "disablePlacement": {
            "fixedValue": false
          },
          "id": 4,
          "disablePickup": {
            "fixedValue": false
          },
          "dropItemsWhenNotBound": true,
          "x": 260,
          "y": 70
        }
      },
      {
        "type": "image",
        "data": {
          "image": "furnaceoff.png",
          "use1Xscale": false,
          "x": 171,
          "y": 71
        }
      },
      {
        "type": "image",
        "data": {
          "image": "furnaceon12.png",
          "use1Xscale": false,
          "displayCondition": {
            "name": "Fuelcheck12"
          },
          "x": 171,
          "y": 71
        }
      },
      {
        "type": "image",
        "data": {
          "image": "furnaceon13.png",
          "use1Xscale": false,
          "displayCondition": {
            "name": "Fuelcheck13"
          },
          "x": 171,
          "y": 71
        }
      },
      {
        "type": "image",
        "data": {
          "image": "furnaceon11.png",
          "use1Xscale": false,
          "displayCondition": {
            "name": "Fuelcheck11"
          },
          "x": 171,
          "y": 71
        }
      },
      {
        "type": "image",
        "data": {
          "image": "furnaceon10.png",
          "use1Xscale": false,
          "displayCondition": {
            "name": "Fuelcheck10"
          },
          "x": 171,
          "y": 71
        }
      },
      {
        "type": "image",
        "data": {
          "image": "furnaceon9.png",
          "use1Xscale": false,
          "displayCondition": {
            "name": "Fuelcheck9"
          },
          "x": 171,
          "y": 71
        }
      },
      {
        "type": "image",
        "data": {
          "image": "furnaceon8.png",
          "use1Xscale": false,
          "displayCondition": {
            "name": "Fuelcheck8"
          },
          "x": 171,
          "y": 71
        }
      },
      {
        "type": "image",
        "data": {
          "image": "furnaceon7.png",
          "use1Xscale": false,
          "displayCondition": {
            "name": "Fuelcheck7"
          },
          "x": 171,
          "y": 71
        }
      },
      {
        "type": "image",
        "data": {
          "image": "furnaceon6.png",
          "use1Xscale": false,
          "displayCondition": {
            "name": "Fuelcheck6"
          },
          "x": 171,
          "y": 71
        }
      },
      {
        "type": "image",
        "data": {
          "image": "furnaceon5.png",
          "use1Xscale": false,
          "displayCondition": {
            "name": "Fuelcheck5"
          },
          "x": 171,
          "y": 71
        }
      },
      {
        "type": "image",
        "data": {
          "image": "furnaceon4.png",
          "use1Xscale": false,
          "displayCondition": {
            "name": "Fuelcheck4"
          },
          "x": 171,
          "y": 71
        }
      },
      {
        "type": "image",
        "data": {
          "image": "furnaceon3.png",
          "use1Xscale": false,
          "displayCondition": {
            "name": "Fuelcheck3"
          },
          "x": 171,
          "y": 71
        }
      },
      {
        "type": "image",
        "data": {
          "image": "furnaceon2.png",
          "use1Xscale": false,
          "displayCondition": {
            "name": "Fuelcheck2"
          },
          "x": 171,
          "y": 71
        }
      },
      {
        "type": "image",
        "data": {
          "image": "furnaceon.png",
          "use1Xscale": false,
          "displayCondition": {
            "name": "Fuelcheck1"
          },
          "x": 171,
          "y": 71
        }
      },
      {
        "type": "label",
        "data": {
          "name": "label_bread_oven",
          "text": {
            "fixedValue": "Bread Oven"
          },
          "color": {
            "value": -12829636,
            "falpha": 0.0
          },
          "x": 186,
          "y": 42
        }
      },
      {
        "type": "label",
        "data": {
          "name": "label_inventory",
          "text": {
            "fixedValue": "Inventory"
          },
          "color": {
            "value": -12829636,
            "falpha": 0.0
          },
          "x": 132,
          "y": 108
        }
      }
    ],
    "gridSettings": {
      "sx": 18,
      "sy": 18,
      "ox": 11,
      "oy": 15,
      "snapOnGrid": false
    }
  }
}