{
  "_fv": 39,
  "_type": "tool",
  "definition": {
    "renderType": 0,
    "texture": "breadknife",
    "customModelName": "Normal",
    "name": "Bread Knife",
    "specialInfo": [
      "§2For cutting your bread."
    ],
    "creativeTab": {
      "value": "CUSTOM:BreadcraftTools"
    },
    "toolType": "Sword",
    "harvestLevel": 1,
    "efficiency": 4.0,
    "attackSpeed": 1.5999999999999999,
    "enchantability": 14,
    "damageVsEntity": 3.0,
    "usageCount": 250,
    "blocksAffected": [],
    "hasGlow": false,
    "repairItems": [],
    "immuneToFire": false,
    "stayInGridWhenCrafting": true,
    "damageOnCrafting": true
  }
}