{
  "_fv": 39,
  "_type": "recipe",
  "definition": {
    "recipeType": "Crafting",
    "xpReward": 0.0,
    "cookingTime": 200,
    "recipeRetstackSize": 1,
    "group": "",
    "recipeShapeless": true,
    "recipeSlots": [
      {
        "value": "CUSTOM:SlicedBaguette"
      },
      {
        "value": "CUSTOM:BrieSlice"
      },
      {
        "value": "CUSTOM:BrieSlice"
      },
      {
        "value": "TAG:forge:lettuce"
      },
      {
        "value": "CUSTOM:TomatoSlice"
      },
      {
        "value": ""
      },
      {
        "value": ""
      },
      {
        "value": ""
      },
      {
        "value": ""
      }
    ],
    "recipeReturnStack": {
      "value": "CUSTOM:BrieandBaguetteSandwich"
    },
    "name": "brieand_baguette_sandwich_recipe",
    "namespace": "mod"
  }
}