{
  "_fv": 39,
  "_type": "recipe",
  "definition": {
    "recipeType": "Crafting",
    "xpReward": 0.0,
    "cookingTime": 200,
    "recipeRetstackSize": 1,
    "group": "",
    "recipeShapeless": true,
    "recipeSlots": [
      {
        "value": "CUSTOM:FrenchBatardSlice"
      },
      {
        "value": "CUSTOM:TomatoSlice"
      },
      {
        "value": "TAG:forge:basil"
      },
      {
        "value": "CUSTOM:SlicedMozzarella"
      },
      {
        "value": "TAG:forge:olive_oil"
      },
      {
        "value": "CUSTOM:MincedGarlic"
      },
      {
        "value": ""
      },
      {
        "value": ""
      },
      {
        "value": ""
      }
    ],
    "recipeReturnStack": {
      "value": "CUSTOM:Bruschetta"
    },
    "name": "bruschetta_recipe",
    "namespace": "mod"
  }
}