{
  "_fv": 39,
  "_type": "recipe",
  "definition": {
    "recipeType": "Crafting",
    "xpReward": 0.0,
    "cookingTime": 200,
    "recipeRetstackSize": 4,
    "group": "",
    "recipeShapeless": true,
    "recipeSlots": [
      {
        "value": "CUSTOM:MincedGarlic"
      },
      {
        "value": "TAG:forge:lemon_juice"
      },
      {
        "value": "TAG:forge:mustard"
      },
      {
        "value": "TAG:forge:mayo"
      },
      {
        "value": "CUSTOM:GratedParmesan"
      },
      {
        "value": "TAG:forge:salt"
      },
      {
        "value": ""
      },
      {
        "value": ""
      },
      {
        "value": ""
      }
    ],
    "recipeReturnStack": {
      "value": "CUSTOM:CaesarDressing"
    },
    "name": "caesar_dressing_recipe",
    "namespace": "mod"
  }
}