{
  "_fv": 39,
  "_type": "recipe",
  "definition": {
    "recipeType": "Crafting",
    "xpReward": 0.0,
    "cookingTime": 200,
    "recipeRetstackSize": 2,
    "group": "",
    "recipeShapeless": true,
    "recipeSlots": [
      {
        "value": "TAG:forge:lettuce"
      },
      {
        "value": "TAG:forge:chicken"
      },
      {
        "value": "TAG:forge:croutons"
      },
      {
        "value": "CUSTOM:CaesarDressing"
      },
      {
        "value": "CUSTOM:GratedParmesan"
      },
      {
        "value": ""
      },
      {
        "value": ""
      },
      {
        "value": ""
      },
      {
        "value": ""
      }
    ],
    "recipeReturnStack": {
      "value": "CUSTOM:CaesarSalad"
    },
    "name": "caesar_salad_recipe",
    "namespace": "mod"
  }
}