{
  "_fv": 39,
  "_type": "recipe",
  "definition": {
    "recipeType": "Crafting",
    "xpReward": 0.0,
    "cookingTime": 200,
    "recipeRetstackSize": 1,
    "group": "",
    "recipeShapeless": true,
    "recipeSlots": [
      {
        "value": "CUSTOM:SlicedBriocheBun"
      },
      {
        "value": "TAG:forge:burger_patty"
      },
      {
        "value": "TAG:forge:lettuce"
      },
      {
        "value": "TAG:forge:ketchup"
      },
      {
        "value": "TAG:forge:cheese_slice"
      },
      {
        "value": ""
      },
      {
        "value": ""
      },
      {
        "value": ""
      },
      {
        "value": ""
      }
    ],
    "recipeReturnStack": {
      "value": "CUSTOM:Cheeseburger"
    },
    "name": "cheeseburger_recipe",
    "namespace": "mod"
  }
}