{
  "_fv": 39,
  "_type": "tool",
  "definition": {
    "renderType": 0,
    "texture": "chefknife",
    "customModelName": "Normal",
    "name": "Chef's Knife",
    "specialInfo": [],
    "creativeTab": {
      "value": "CUSTOM:BreadcraftTools"
    },
    "toolType": "Sword",
    "harvestLevel": 1,
    "efficiency": 4.0,
    "attackSpeed": 2.0,
    "enchantability": 14,
    "damageVsEntity": 2.0,
    "usageCount": 131,
    "blocksAffected": [],
    "hasGlow": false,
    "repairItems": [],
    "immuneToFire": false,
    "stayInGridWhenCrafting": true,
    "damageOnCrafting": true
  }
}