{
  "_fv": 39,
  "_type": "recipe",
  "definition": {
    "recipeType": "Crafting",
    "xpReward": 0.0,
    "cookingTime": 200,
    "recipeRetstackSize": 1,
    "group": "",
    "recipeShapeless": true,
    "recipeSlots": [
      {
        "value": "CUSTOM:SlicedBriocheBun"
      },
      {
        "value": "Items.COOKED_CHICKEN"
      },
      {
        "value": "TAG:forge:mayo"
      },
      {
        "value": "TAG:forge:hot_sauce"
      },
      {
        "value": ""
      },
      {
        "value": ""
      },
      {
        "value": ""
      },
      {
        "value": ""
      },
      {
        "value": ""
      }
    ],
    "recipeReturnStack": {
      "value": "CUSTOM:ChickenSandwich"
    },
    "name": "chicken_sandwich_recipe",
    "namespace": "mod"
  }
}