{
  "_fv": 39,
  "_type": "recipe",
  "definition": {
    "recipeType": "Crafting",
    "xpReward": 0.0,
    "cookingTime": 200,
    "recipeRetstackSize": 2,
    "group": "",
    "recipeShapeless": true,
    "recipeSlots": [
      {
        "value": "CUSTOM:ChefsKnife"
      },
      {
        "value": "TAG:forge:lettuce"
      },
      {
        "value": "TAG:forge:eggs"
      },
      {
        "value": "TAG:forge:pork"
      },
      {
        "value": "TAG:forge:chicken"
      },
      {
        "value": "CUSTOM:TomatoSlice"
      },
      {
        "value": "CUSTOM:DicedOnion"
      },
      {
        "value": "CUSTOM:GratedParmesan"
      },
      {
        "value": "TAG:forge:ranch_dressing"
      }
    ],
    "recipeReturnStack": {
      "value": "CUSTOM:CobbSalad"
    },
    "name": "cobb_salad_recipe",
    "namespace": "mod"
  }
}