{
  "_fv": 39,
  "_type": "recipe",
  "definition": {
    "recipeType": "Crafting",
    "xpReward": 0.0,
    "cookingTime": 200,
    "recipeRetstackSize": 1,
    "group": "",
    "recipeShapeless": true,
    "recipeSlots": [
      {
        "value": "CUSTOM:CountryLoafSlice"
      },
      {
        "value": "CUSTOM:CountryLoafSlice"
      },
      {
        "value": "Items.COOKED_FISH#0"
      },
      {
        "value": "CUSTOM:TartarSauce"
      },
      {
        "value": ""
      },
      {
        "value": ""
      },
      {
        "value": ""
      },
      {
        "value": ""
      },
      {
        "value": ""
      }
    ],
    "recipeReturnStack": {
      "value": "CUSTOM:CodSandwich"
    },
    "name": "cod_sandwich_recipe",
    "namespace": "mod"
  }
}