{
  "_fv": 39,
  "_type": "recipe",
  "definition": {
    "recipeType": "Crafting",
    "xpReward": 0.0,
    "cookingTime": 200,
    "recipeRetstackSize": 2,
    "group": "",
    "recipeShapeless": false,
    "recipeSlots": [
      {
        "value": "Blocks.STONE_SLAB#7"
      },
      {
        "value": "Blocks.STONE_SLAB#7"
      },
      {
        "value": "Blocks.STONE_SLAB#7"
      },
      {
        "value": "Blocks.PLANKS#2"
      },
      {
        "value": ""
      },
      {
        "value": "Blocks.PLANKS#2"
      },
      {
        "value": "Blocks.PLANKS#2"
      },
      {
        "value": "Blocks.PLANKS#2"
      },
      {
        "value": "Blocks.PLANKS#2"
      }
    ],
    "recipeReturnStack": {
      "value": "CUSTOM:Counter"
    },
    "name": "counter_recipe",
    "namespace": "mod"
  }
}