{
  "_fv": 39,
  "_type": "recipe",
  "definition": {
    "recipeType": "Crafting",
    "xpReward": 0.0,
    "cookingTime": 200,
    "recipeRetstackSize": 1,
    "group": "",
    "recipeShapeless": true,
    "recipeSlots": [
      {
        "value": "TAG:forge:onions"
      },
      {
        "value": "Items.CARROT"
      },
      {
        "value": "Items.POTATO"
      },
      {
        "value": "TAG:forge:cream"
      },
      {
        "value": "TAG:forge:salt"
      },
      {
        "value": "CUSTOM:Pot"
      },
      {
        "value": "Items.BOWL"
      },
      {
        "value": ""
      },
      {
        "value": ""
      }
    ],
    "recipeReturnStack": {
      "value": "CUSTOM:CreamOfVegetableSoup"
    },
    "name": "cream_of_vegetable_soup_recipe",
    "namespace": "mod"
  }
}