{
  "_fv": 39,
  "_type": "recipe",
  "definition": {
    "recipeType": "Crafting",
    "xpReward": 0.0,
    "cookingTime": 200,
    "recipeRetstackSize": 3,
    "group": "",
    "recipeShapeless": true,
    "recipeSlots": [
      {
        "value": "Items.MILK_BUCKET"
      },
      {
        "value": "Items.GLASS_BOTTLE"
      },
      {
        "value": "Items.GLASS_BOTTLE"
      },
      {
        "value": "Items.GLASS_BOTTLE"
      },
      {
        "value": ""
      },
      {
        "value": ""
      },
      {
        "value": ""
      },
      {
        "value": ""
      },
      {
        "value": ""
      }
    ],
    "recipeReturnStack": {
      "value": "CUSTOM:Cream"
    },
    "name": "cream_recipe",
    "namespace": "mod"
  }
}