{
  "_fv": 39,
  "_type": "recipe",
  "definition": {
    "recipeType": "Crafting",
    "xpReward": 0.0,
    "cookingTime": 200,
    "recipeRetstackSize": 1,
    "group": "",
    "recipeShapeless": true,
    "recipeSlots": [
      {
        "value": "CUSTOM:Croissant"
      },
      {
        "value": "Items.SWEET_BERRIES"
      },
      {
        "value": "TAG:forge:sugar"
      },
      {
        "value": "TAG:forge:lemon_juice"
      },
      {
        "value": ""
      },
      {
        "value": ""
      },
      {
        "value": ""
      },
      {
        "value": ""
      },
      {
        "value": ""
      }
    ],
    "recipeReturnStack": {
      "value": "CUSTOM:CroissantwithJam"
    },
    "name": "croissantwith_jam_recipe",
    "namespace": "mod"
  }
}