{
  "_fv": 39,
  "_type": "recipe",
  "definition": {
    "recipeType": "Crafting",
    "xpReward": 0.0,
    "cookingTime": 200,
    "recipeRetstackSize": 4,
    "group": "",
    "recipeShapeless": true,
    "recipeSlots": [
      {
        "value": "TAG:breadcraft:acceptable_salad_bread"
      },
      {
        "value": "TAG:forge:herb"
      },
      {
        "value": "TAG:forge:cookingoil"
      },
      {
        "value": ""
      },
      {
        "value": ""
      },
      {
        "value": ""
      },
      {
        "value": ""
      },
      {
        "value": ""
      },
      {
        "value": ""
      }
    ],
    "recipeReturnStack": {
      "value": "CUSTOM:Croutons"
    },
    "name": "croutons_recipe",
    "namespace": "mod"
  }
}