{
  "_fv": 39,
  "_type": "recipe",
  "definition": {
    "recipeType": "Crafting",
    "xpReward": 0.0,
    "cookingTime": 200,
    "recipeRetstackSize": 2,
    "group": "",
    "recipeShapeless": false,
    "recipeSlots": [
      {
        "value": "Blocks.POLISHED_BLACKSTONE_SLAB"
      },
      {
        "value": "Blocks.POLISHED_BLACKSTONE_SLAB"
      },
      {
        "value": "Blocks.POLISHED_BLACKSTONE_SLAB"
      },
      {
        "value": "Blocks.PLANKS#5"
      },
      {
        "value": ""
      },
      {
        "value": "Blocks.PLANKS#5"
      },
      {
        "value": "Blocks.PLANKS#5"
      },
      {
        "value": "Blocks.PLANKS#5"
      },
      {
        "value": "Blocks.PLANKS#5"
      }
    ],
    "recipeReturnStack": {
      "value": "CUSTOM:DarkOakCounter"
    },
    "name": "dark_oak_counter_recipe",
    "namespace": "mod"
  }
}