{
  "_fv": 39,
  "_type": "tag",
  "definition": {
    "type": "Items",
    "items": [
      {
        "value": "CUSTOM:ProofedBasicDough"
      },
      {
        "value": "CUSTOM:ProofedDarkDough"
      },
      {
        "value": "CUSTOM:ProofedHerbDough"
      },
      {
        "value": "CUSTOM:ProofedEnrichedDough"
      },
      {
        "value": "CUSTOM:RolledEnrichedDough"
      },
      {
        "value": "CUSTOM:ProofedWholeWheatDough"
      },
      {
        "value": "CUSTOM:PretzelDough"
      },
      {
        "value": "CUSTOM:EnrichedDoughWithFilling"
      },
      {
        "value": "CUSTOM:RolledBasicDough"
      },
      {
        "value": "CUSTOM:ProofedSourdoughDough"
      },
      {
        "value": "CUSTOM:RolledDarkDough"
      },
      {
        "value": "CUSTOM:BananaBreadBatter"
      }
    ],
    "blocks": [],
    "functions": [],
    "entities": [],
    "biomes": [],
    "name": "sandwichcraftdoughs",
    "namespace": "mod"
  }
}