{
  "_fv": 39,
  "_type": "recipe",
  "definition": {
    "recipeType": "Crafting",
    "xpReward": 0.0,
    "cookingTime": 200,
    "recipeRetstackSize": 1,
    "group": "",
    "recipeShapeless": true,
    "recipeSlots": [
      {
        "value": "CUSTOM:BasicDough"
      },
      {
        "value": "TAG:forge:cookingoil"
      },
      {
        "value": ""
      },
      {
        "value": "TAG:forge:eggs"
      },
      {
        "value": "TAG:forge:sugar"
      },
      {
        "value": ""
      },
      {
        "value": ""
      },
      {
        "value": ""
      },
      {
        "value": ""
      }
    ],
    "recipeReturnStack": {
      "value": "CUSTOM:EnrichedDough"
    },
    "name": "enriched_dough_recipe",
    "namespace": "mod"
  }
}