{
  "_fv": 39,
  "_type": "recipe",
  "definition": {
    "recipeType": "Crafting",
    "xpReward": 0.0,
    "cookingTime": 200,
    "recipeRetstackSize": 1,
    "group": "",
    "recipeShapeless": true,
    "recipeSlots": [
      {
        "value": "CUSTOM:RolledEnrichedDough"
      },
      {
        "value": "TAG:forge:sugar"
      },
      {
        "value": "CUSTOM:Raisins"
      },
      {
        "value": "Items.DYE#3"
      },
      {
        "value": ""
      },
      {
        "value": ""
      },
      {
        "value": ""
      },
      {
        "value": ""
      },
      {
        "value": ""
      }
    ],
    "recipeReturnStack": {
      "value": "CUSTOM:EnrichedDoughWithFilling"
    },
    "name": "enriched_dough_with_filling_recipe",
    "namespace": "mod"
  }
}