{
  "_fv": 39,
  "_type": "recipe",
  "definition": {
    "recipeType": "Crafting",
    "xpReward": 0.0,
    "cookingTime": 200,
    "recipeRetstackSize": 1,
    "group": "",
    "recipeShapeless": true,
    "recipeSlots": [
      {
        "value": "CUSTOM:RyeFlour"
      },
      {
        "value": "TAG:forge:salt"
      },
      {
        "value": ""
      },
      {
        "value": "Items.WATER_BUCKET"
      },
      {
        "value": "CUSTOM:RyeFlour"
      },
      {
        "value": ""
      },
      {
        "value": ""
      },
      {
        "value": ""
      },
      {
        "value": ""
      }
    ],
    "recipeReturnStack": {
      "value": "CUSTOM:FlatDarkDough"
    },
    "name": "flat_dark_dough_recipe",
    "namespace": "mod"
  }
}