{
  "_fv": 39,
  "_type": "recipe",
  "definition": {
    "recipeType": "Crafting",
    "xpReward": 0.0,
    "cookingTime": 200,
    "recipeRetstackSize": 1,
    "group": "",
    "recipeShapeless": true,
    "recipeSlots": [
      {
        "value": "CUSTOM:SlicedBaguette"
      },
      {
        "value": "TAG:forge:beef"
      },
      {
        "value": "CUSTOM:Thyme"
      },
      {
        "value": "TAG:forge:salt"
      },
      {
        "value": "CUSTOM:DicedOnion"
      },
      {
        "value": "TAG:forge:cheese_slice"
      },
      {
        "value": "CUSTOM:MincedGarlic"
      },
      {
        "value": ""
      },
      {
        "value": ""
      }
    ],
    "recipeReturnStack": {
      "value": "CUSTOM:FrenchDipSandwich"
    },
    "name": "french_dip_sandwich_recipe",
    "namespace": "mod"
  }
}