{
  "_fv": 39,
  "_type": "recipe",
  "definition": {
    "recipeType": "Crafting",
    "xpReward": 0.0,
    "cookingTime": 200,
    "recipeRetstackSize": 1,
    "group": "",
    "recipeShapeless": true,
    "recipeSlots": [
      {
        "value": "CUSTOM:MilkBreadSlice"
      },
      {
        "value": "CUSTOM:MilkBreadSlice"
      },
      {
        "value": "TAG:forge:sugar"
      },
      {
        "value": "TAG:forge:eggs"
      },
      {
        "value": "TAG:forge:butter"
      },
      {
        "value": ""
      },
      {
        "value": ""
      },
      {
        "value": ""
      },
      {
        "value": ""
      }
    ],
    "recipeReturnStack": {
      "value": "CUSTOM:FrenchToast"
    },
    "name": "french_toast_recipe_3",
    "namespace": "mod"
  }
}