{
  "_fv": 39,
  "_type": "recipe",
  "definition": {
    "recipeType": "Crafting",
    "xpReward": 0.0,
    "cookingTime": 200,
    "recipeRetstackSize": 1,
    "group": "",
    "recipeShapeless": true,
    "recipeSlots": [
      {
        "value": "CUSTOM:FrenchToast"
      },
      {
        "value": "TAG:forge:berries"
      },
      {
        "value": "TAG:forge:herb"
      },
      {
        "value": "TAG:forge:lemon_juice"
      },
      {
        "value": ""
      },
      {
        "value": ""
      },
      {
        "value": ""
      },
      {
        "value": ""
      },
      {
        "value": ""
      }
    ],
    "recipeReturnStack": {
      "value": "CUSTOM:FrenchToastSandwich"
    },
    "name": "french_toast_sandwich_recipe",
    "namespace": "mod"
  }
}