{
  "_fv": 39,
  "_type": "tag",
  "definition": {
    "type": "Items",
    "items": [
      {
        "value": "Blocks.SAPLING#0"
      },
      {
        "value": "Blocks.SAPLING#1"
      },
      {
        "value": "Blocks.SAPLING#2"
      },
      {
        "value": "Blocks.SAPLING#3"
      },
      {
        "value": "Blocks.SAPLING#4"
      },
      {
        "value": "Blocks.SAPLING#5"
      },
      {
        "value": "Blocks.MANGROVE_PROPAGULE"
      },
      {
        "value": "Items.BOWL"
      },
      {
        "value": "Items.STICK"
      },
      {
        "value": "Blocks.WOODEN_BUTTON"
      },
      {
        "value": "Blocks.SPRUCE_BUTTON"
      },
      {
        "value": "Blocks.BIRCH_BUTTON"
      },
      {
        "value": "Blocks.JUNGLE_BUTTON"
      },
      {
        "value": "Blocks.ACACIA_BUTTON"
      },
      {
        "value": "Blocks.DARK_OAK_BUTTON"
      },
      {
        "value": "Blocks.CRIMSON_BUTTON"
      },
      {
        "value": "Blocks.WARPED_BUTTON"
      },
      {
        "value": "Blocks.MANGROVE_BUTTON"
      },
      {
        "value": "Blocks.WOOL#0"
      },
      {
        "value": "Blocks.WOOL#1"
      },
      {
        "value": "Blocks.WOOL#2"
      },
      {
        "value": "Blocks.WOOL#3"
      },
      {
        "value": "Blocks.WOOL#4"
      },
      {
        "value": "Blocks.WOOL#5"
      },
      {
        "value": "Blocks.WOOL#6"
      },
      {
        "value": "Blocks.WOOL#7"
      },
      {
        "value": "Blocks.WOOL#8"
      },
      {
        "value": "Blocks.WOOL#9"
      },
      {
        "value": "Blocks.WOOL#10"
      },
      {
        "value": "Blocks.WOOL#11"
      },
      {
        "value": "Blocks.WOOL#12"
      },
      {
        "value": "Blocks.WOOL#13"
      },
      {
        "value": "Blocks.WOOL#14"
      },
      {
        "value": "Blocks.WOOL#15"
      }
    ],
    "blocks": [],
    "functions": [],
    "entities": [],
    "biomes": [],
    "name": "fuel_100",
    "namespace": "forge"
  }
}