{
  "_fv": 39,
  "_type": "tag",
  "definition": {
    "type": "Items",
    "items": [
      {
        "value": "Blocks.LOG"
      },
      {
        "value": "Blocks.LOG2"
      },
      {
        "value": "Blocks.PLANKS#0"
      },
      {
        "value": "Blocks.PLANKS#1"
      },
      {
        "value": "Blocks.PLANKS#2"
      },
      {
        "value": "Blocks.PLANKS#3"
      },
      {
        "value": "Blocks.PLANKS#4"
      },
      {
        "value": "Blocks.PLANKS#5"
      },
      {
        "value": "Blocks.CRIMSON_PLANKS"
      },
      {
        "value": "Blocks.WARPED_PLANKS"
      },
      {
        "value": "Blocks.MANGROVE_PLANKS"
      },
      {
        "value": "Blocks.WOODEN_PRESSURE_PLATE"
      },
      {
        "value": "Blocks.SPRUCE_PRESSURE_PLATE"
      },
      {
        "value": "Blocks.BIRCH_PRESSURE_PLATE"
      },
      {
        "value": "Blocks.JUNGLE_PRESSURE_PLATE"
      },
      {
        "value": "Blocks.ACACIA_PRESSURE_PLATE"
      },
      {
        "value": "Blocks.DARK_OAK_PRESSURE_PLATE"
      },
      {
        "value": "Blocks.CRIMSON_PRESSURE_PLATE"
      },
      {
        "value": "Blocks.WARPED_PRESSURE_PLATE"
      },
      {
        "value": "Blocks.MANGROVE_PRESSURE_PLATE"
      },
      {
        "value": "Blocks.OAK_FENCE"
      },
      {
        "value": "Blocks.SPRUCE_FENCE"
      },
      {
        "value": "Blocks.BIRCH_FENCE"
      },
      {
        "value": "Blocks.JUNGLE_FENCE"
      },
      {
        "value": "Blocks.ACACIA_FENCE"
      },
      {
        "value": "Blocks.DARK_OAK_FENCE"
      },
      {
        "value": "Blocks.CRIMSON_FENCE"
      },
      {
        "value": "Blocks.WARPED_FENCE"
      },
      {
        "value": "Blocks.MANGROVE_FENCE"
      },
      {
        "value": "Blocks.OAK_FENCE_GATE"
      },
      {
        "value": "Blocks.SPRUCE_FENCE_GATE"
      },
      {
        "value": "Blocks.BIRCH_FENCE_GATE"
      },
      {
        "value": "Blocks.JUNGLE_FENCE_GATE"
      },
      {
        "value": "Blocks.ACACIA_FENCE_GATE"
      },
      {
        "value": "Blocks.DARK_OAK_FENCE_GATE"
      },
      {
        "value": "Blocks.CRIMSON_FENCE_GATE"
      },
      {
        "value": "Blocks.WARPED_FENCE_GATE"
      },
      {
        "value": "Blocks.MANGROVE_FENCE_GATE"
      },
      {
        "value": "Blocks.NETHER_BRICK_FENCE"
      },
      {
        "value": "Blocks.SPRUCE_STAIRS"
      },
      {
        "value": "Blocks.BIRCH_STAIRS"
      },
      {
        "value": "Blocks.JUNGLE_STAIRS"
      },
      {
        "value": "Blocks.ACACIA_STAIRS"
      },
      {
        "value": "Blocks.DARK_OAK_STAIRS"
      },
      {
        "value": "Blocks.CRIMSON_STAIRS"
      },
      {
        "value": "Blocks.WARPED_STAIRS"
      },
      {
        "value": "Blocks.MANGROVE_STAIRS"
      },
      {
        "value": "Blocks.OAK_STAIRS"
      },
      {
        "value": "Blocks.TRAPDOOR"
      },
      {
        "value": "Blocks.SPRUCE_TRAPDOOR"
      },
      {
        "value": "Blocks.BIRCH_TRAPDOOR"
      },
      {
        "value": "Blocks.JUNGLE_TRAPDOOR"
      },
      {
        "value": "Blocks.ACACIA_TRAPDOOR"
      },
      {
        "value": "Blocks.DARK_OAK_TRAPDOOR"
      },
      {
        "value": "Blocks.CRIMSON_TRAPDOOR"
      },
      {
        "value": "Blocks.WARPED_TRAPDOOR"
      },
      {
        "value": "Blocks.MANGROVE_TRAPDOOR"
      },
      {
        "value": "Blocks.CARTOGRAPHY_TABLE"
      },
      {
        "value": "Blocks.FLETCHING_TABLE"
      },
      {
        "value": "Blocks.SMITHING_TABLE"
      },
      {
        "value": "Blocks.CRAFTING_TABLE"
      },
      {
        "value": "Blocks.LOOM"
      },
      {
        "value": "Blocks.LECTERN"
      },
      {
        "value": "Blocks.COMPOSTER"
      },
      {
        "value": "Blocks.BOOKSHELF"
      },
      {
        "value": "Blocks.CHEST"
      },
      {
        "value": "Blocks.TRAPPED_CHEST"
      },
      {
        "value": "Blocks.BARREL"
      },
      {
        "value": "Blocks.DAYLIGHT_DETECTOR"
      },
      {
        "value": "Blocks.JUKEBOX"
      },
      {
        "value": "Blocks.NOTEBLOCK"
      },
      {
        "value": "Blocks.BROWN_MUSHROOM_BLOCK"
      },
      {
        "value": "Blocks.RED_MUSHROOM_BLOCK"
      },
      {
        "value": "Blocks.WHITE_BANNER"
      },
      {
        "value": "Blocks.ORANGE_BANNER"
      },
      {
        "value": "Blocks.MAGENTA_BANNER"
      },
      {
        "value": "Blocks.LIGHT_BLUE_BANNER"
      },
      {
        "value": "Blocks.YELLOW_BANNER"
      },
      {
        "value": "Blocks.LIME_BANNER"
      },
      {
        "value": "Blocks.PINK_BANNER"
      },
      {
        "value": "Blocks.GRAY_BANNER"
      },
      {
        "value": "Blocks.LIGHT_GRAY_BANNER"
      },
      {
        "value": "Blocks.CYAN_BANNER"
      },
      {
        "value": "Blocks.PURPLE_BANNER"
      },
      {
        "value": "Blocks.BLUE_BANNER"
      },
      {
        "value": "Blocks.BROWN_BANNER"
      },
      {
        "value": "Blocks.GREEN_BANNER"
      },
      {
        "value": "Blocks.RED_BANNER"
      },
      {
        "value": "Blocks.BLACK_BANNER"
      },
      {
        "value": "Items.BANNER#0"
      },
      {
        "value": "Items.BANNER#1"
      },
      {
        "value": "Items.BANNER#2"
      },
      {
        "value": "Items.BANNER#3"
      },
      {
        "value": "Items.BANNER#4"
      },
      {
        "value": "Items.BANNER#5"
      },
      {
        "value": "Items.BANNER#6"
      },
      {
        "value": "Items.BANNER#7"
      },
      {
        "value": "Items.BANNER#8"
      },
      {
        "value": "Items.BANNER#9"
      },
      {
        "value": "Items.BANNER#10"
      },
      {
        "value": "Items.BANNER#11"
      },
      {
        "value": "Items.BANNER#12"
      },
      {
        "value": "Items.BANNER#13"
      },
      {
        "value": "Items.BANNER#14"
      },
      {
        "value": "Items.BANNER#15"
      },
      {
        "value": "Items.BOW"
      },
      {
        "value": "Items.FISHING_ROD"
      },
      {
        "value": "Blocks.LADDER"
      },
      {
        "value": "Blocks.LOG#0"
      },
      {
        "value": "Blocks.LOG#1"
      },
      {
        "value": "Blocks.LOG#2"
      },
      {
        "value": "Blocks.LOG#3"
      },
      {
        "value": "Blocks.LOG2#0"
      },
      {
        "value": "Blocks.LOG2#1"
      },
      {
        "value": "Blocks.MANGROVE_LOG"
      },
      {
        "value": "Blocks.STRIPPED_OAK_LOG"
      },
      {
        "value": "Blocks.STRIPPED_SPRUCE_LOG"
      },
      {
        "value": "Blocks.STRIPPED_BIRCH_LOG"
      },
      {
        "value": "Blocks.STRIPPED_JUNGLE_LOG"
      },
      {
        "value": "Blocks.STRIPPED_ACACIA_LOG"
      },
      {
        "value": "Blocks.STRIPPED_DARK_OAK_LOG"
      },
      {
        "value": "Blocks.STRIPPED_MANGROVE_LOG"
      }
    ],
    "blocks": [],
    "functions": [],
    "entities": [],
    "biomes": [],
    "name": "fuel",
    "namespace": "forge"
  }
}