{
  "_fv": 39,
  "_type": "recipe",
  "definition": {
    "recipeType": "Crafting",
    "xpReward": 0.0,
    "cookingTime": 200,
    "recipeRetstackSize": 1,
    "group": "",
    "recipeShapeless": true,
    "recipeSlots": [
      {
        "value": "Items.APPLE"
      },
      {
        "value": "CUSTOM:CreamCheeseDollop"
      },
      {
        "value": "CUSTOM:SourdoughSandwichBreadSlice"
      },
      {
        "value": "CUSTOM:SourdoughSandwichBreadSlice"
      },
      {
        "value": ""
      },
      {
        "value": ""
      },
      {
        "value": ""
      },
      {
        "value": ""
      },
      {
        "value": ""
      }
    ],
    "recipeReturnStack": {
      "value": "CUSTOM:GrilledAppleSandwich"
    },
    "name": "grilled_apple_sandwich_recipe",
    "namespace": "mod"
  }
}